{"cameraMode":{"drawMode":0,"name":"Shaded","section":"Shading Mode"},"sceneLighting":false,"audioPlay":false,"sceneViewState":{"m_AlwaysRefresh":false,"showFog":true,"showSkybox":false,"showFlares":true,"showImageEffects":true,"showParticleSystems":true,"showVisualEffectGraphs":true,"m_FxEnabled":true},"in2DMode":false,"pivot":{"x":0.765999972820282,"y":1.2269999980926514,"z":1.906999945640564},"rotation":{"x":-0.047577183693647388,"y":0.7217413783073425,"z":-0.04991583898663521,"w":-0.6887539625167847},"size":0.1914021521806717,"orthographic":false}